{"Fold_3/Val_LogLoss":0.6218367408366263,"roc_curve":{"_type":"image-file","sha256":"63977198b396689b00b518c504f2b0e0d853456f35ec64eda87ec0dcab853c2e","size":54747,"path":"media/images/roc_curve_900_63977198b396689b00b5.png","format":"png","width":713,"height":556},"test_uar":0.6786527627951576,"Fold_2/Train_LogLoss":0.04207751178679716,"_wandb":{"runtime":344},"confusion_matrix":{"format":"png","width":668,"height":534,"_type":"image-file","sha256":"964700227b4ab7a52d6998794ef64420f287345bf98bb3b89b5a23af0d78c7f3","size":24910,"path":"media/images/confusion_matrix_900_964700227b4ab7a52d69.png"},"Fold_1/Train_LogLoss":0.0204455807483056,"Fold_2/Train_AUC":1,"boosting_round":199,"Fold_2/Val_LogLoss":0.8465889305546531,"Fold_2/Val_AUC":0.6741935483870968,"Fold_1/Train_AUC":1,"test_accuracy":0.6992753623188406,"Fold_5/Train_AUC":0.9592263792010146,"probability_distribution":{"width":866,"height":557,"_type":"image-file","sha256":"c0685319b2a20f82fb3d3e2f3dddbb33442b14cb1756b1d3d89bcacc2d42b0c3","size":70669,"path":"media/images/probability_distribution_900_c0685319b2a20f82fb3d.png","format":"png"},"test_roc_auc":0.7848895281473491,"_timestamp":1.7784472062111013e+09,"Fold_4/Train_LogLoss":0.1484329083330555,"Fold_3/Train_AUC":0.9944793911934192,"Fold_5/Train_LogLoss":0.4261796381451817,"Fold_4/Val_AUC":0.8602941176470589,"Fold_5/Val_LogLoss":0.5593720390997102,"Fold_3/Train_LogLoss":0.24871989133967815,"optimal_threshold":0.3605288863182068,"_runtime":344,"Fold_4/Train_AUC":0.9999789371695769,"_step":900,"feature_importance":{"path":"media/images/feature_importance_900_5eb3e3bebe530c8e4332.png","format":"png","width":640,"height":480,"_type":"image-file","sha256":"5eb3e3bebe530c8e43321d4dc0991d2f624e46d3caabc1bb13f8e22a8cfe7a7c","size":127662},"precision_recall_curve":{"sha256":"83d9668c680f0d67332ec3743e9e77e7722291c4b3d76f0cad625cacbaec1cfc","size":38506,"path":"media/images/precision_recall_curve_900_83d9668c680f0d67332e.png","format":"png","width":701,"height":556,"_type":"image-file"},"Fold_1/Val_LogLoss":0.4298895596540674,"Fold_5/Val_AUC":0.8160377358490566,"Fold_1/Val_AUC":0.8790178571428572,"Fold_4/Val_LogLoss":0.47346818621940256,"Fold_3/Val_AUC":0.7221590909090909}